Species,Class,Blood
Aegithalos caudatus,Bird,Warm
Aegithalos concinnus,Bird,Warm
Psaltriparus minimus,Bird,Warm
Eremophila bilopha,Bird,Warm
Galerida cristata,Bird,Warm
Mirafra javanica,Bird,Warm
Dulus dominicus,Bird,Warm
Auriparus flaviceps,Bird,Warm
Campylorhynchus bruneicapillus,Bird,Warm
Certhia familiaris,Bird,Warm
Cyphorhinus aradus,Bird,Warm
Donacobius atricapillus,Bird,Warm
Henicorhina leucosticta,Bird,Warm
Polioptila dumicola,Bird,Warm
Ramphocaenus melanurus,Bird,Warm
Thryomanes bewickii,Bird,Warm
Thryothurus ludovicianus,Bird,Warm
Cinclus mexicanus,Bird,Warm
Cisticola cherinus,Bird,Warm
Cisticola fulvicapilla,Bird,Warm
PriniaSchistolais leucopogon,Bird,Warm
Climacteris picumnus,Bird,Warm
Climacteris rufa,Bird,Warm
Cormobates leucophaeus,Bird,Warm
Conopophaga lineata,Bird,Warm
Aegithina tiphia,Bird,Warm
Aphelocoma caerulescens,Bird,Warm
Aphelocoma ultramarina,Bird,Warm
Artamus cinereus,Bird,Warm
Artamus cyanopterus,Bird,Warm
Artamus leucorhynchus,Bird,Warm
Artamus superciliosus,Bird,Warm
Batis capensis,Bird,Warm
Bias musicus,Bird,Warm
Campephaga phoenicea,Bird,Warm
Cicinnurus regius,Bird,Warm
Cinclosoma cinnamomeum,Bird,Warm
Cissa chinensis,Bird,Warm
Colluricincla harmonica,Bird,Warm
Coracina caledonica,Bird,Warm
Coracina novaehollandiae,Bird,Warm
Corcorax melanorhamphus,Bird,Warm
Corvus albicollis,Bird,Warm
Corvus albus,Bird,Warm
Corvus brachyrhynchos,Bird,Warm
Corvus corax,Bird,Warm
Corvus corone,Bird,Warm
Corvus coronoides,Bird,Warm
Corvus cryptoleucos,Bird,Warm
Corvus frugilegus,Bird,Warm
Corvus mellori,Bird,Warm
Corvus monedula,Bird,Warm
Corvus orru,Bird,Warm
Corvus ossifragus,Bird,Warm
Cracticus torquatus,Bird,Warm
Cyanocitta cristata,Bird,Warm
Cyanocitta stelleri,Bird,Warm
Cyanocorax chrysops,Bird,Warm
Cyanocorax yncas,Bird,Warm
Cyanopica cyana,Bird,Warm
Dendrocitta vagabunda,Bird,Warm
Dryoscopus cubla,Bird,Warm
Falculuncus frontatus,Bird,Warm
Garrulus glandarius,Bird,Warm
Grallina cyanoleuca,Bird,Warm
Gymnorhina tibicen,Bird,Warm
Gymnorhinus cyanocephalus,Bird,Warm
Hypothymis azurea,Bird,Warm
Lalage sueurii,Bird,Warm
Laniarius erythrogaster,Bird,Warm
Lophorina superba,Bird,Warm
Monarcha guttula,Bird,Warm
Monarcha melanopsis,Bird,Warm
Monarcha trivirgatus,Bird,Warm
Myiagra alecto,Bird,Warm
Myiagra caledonica,Bird,Warm
Myiagra inquieta,Bird,Warm
Nucifraga caryocatactes,Bird,Warm
Oreoica gutturalis,Bird,Warm
Oriolus oriolus,Bird,Warm
Parotia lawesii,Bird,Warm
Pericrocotus ethologus,Bird,Warm
Perisoreus canadensis,Bird,Warm
Pica pica,Bird,Warm
Pitohui ferrugineus,Bird,Warm
Platysteira cyanea,Bird,Warm
Podoce hendersoni,Bird,Warm
Prionops plumatus,Bird,Warm
Psilorhinus morio,Bird,Warm
Psophodes occidentalis,Bird,Warm
Ptiloris paradiseus,Bird,Warm
Ptiloris victoriae,Bird,Warm
Pyrrhocorax graculus,Bird,Warm
Pyrrhocorax pyrrhocorax,Bird,Warm
Rhipidura leucophrys,Bird,Warm
Rhipidura rufifrons,Bird,Warm
Sphecotheres viridis,Bird,Warm
Strepera fuliginosa,Bird,Warm
Struthidea cinerea,Bird,Warm
Tchagra australis,Bird,Warm
Telophorus zeylonus,Bird,Warm
Tephrodornis pondicerianus,Bird,Warm
Urocissa erythrorhyncha,Bird,Warm
Smithornis capensis,Bird,Warm
Chamaeza campanisona,Bird,Warm
Formicarius analis,Bird,Warm
Formicarius colma,Bird,Warm
Grallaria quitensis,Bird,Warm
Agelaius phoeniceus,Bird,Warm
Agelaius ruficapillus,Bird,Warm
Aimophila cassinii,Bird,Warm
Amblycercus holosericeus,Bird,Warm
Amblyramphus holosericeus,Bird,Warm
Ammodramus savannarum,Bird,Warm
Amphispiza bilineata,Bird,Warm
Anisognathus somptuosus,Bird,Warm
Arremonops conirostris,Bird,Warm
Basileuterus culicivorus,Bird,Warm
Basileuterus fulvicauda,Bird,Warm
BuarremonAtlapetes brunneinucha,Bird,Warm
Cacicus cela,Bird,Warm
Calamospiza melanocorys,Bird,Warm
Calcarius lapponicus,Bird,Warm
Cardellina rubrifrons,Bird,Warm
Cardinalis cardinalis,Bird,Warm
Carduelis ambigua,Bird,Warm
Carduelis cannabina,Bird,Warm
Carduelis carduelis,Bird,Warm
Carduelis chloris,Bird,Warm
Carduelis flammea,Bird,Warm
Carduelis pinus,Bird,Warm
Carduelis spinus,Bird,Warm
Carduelis tristis,Bird,Warm
Carpodacus mexicanus,Bird,Warm
Carpodacus purpureus,Bird,Warm
Carpodacus roseus,Bird,Warm
Caryothraustes poliogaster,Bird,Warm
Chlorophonia cyanea,Bird,Warm
Chlorospingus ophthalmicus,Bird,Warm
Chlorothraupis carmioli,Bird,Warm
Cissopis leveriana,Bird,Warm
Coccothraustes coccothraustes,Bird,Warm
Coereba flaveola,Bird,Warm
Coryphospingus cucullatus,Bird,Warm
Curaeus curaeus,Bird,Warm
Cyanerpes cyaneus,Bird,Warm
Dacnis cayana,Bird,Warm
Dendroica caerulescens,Bird,Warm
Dendroica castanea,Bird,Warm
Dendroica magnolia,Bird,Warm
Dendroica pensylvanica,Bird,Warm
Dendroica petechia,Bird,Warm
Dives dives,Bird,Warm
Dolichonyx oryzivorus,Bird,Warm
Emberiza cirlus,Bird,Warm
Emberiza citrinella,Bird,Warm
Emberiza elegans,Bird,Warm
Emberiza rutilla,Bird,Warm
Emberiza schoeniclus,Bird,Warm
Emberiza spodocephala,Bird,Warm
Euneornis campestris,Bird,Warm
Euphagus carolinus,Bird,Warm
Euphagus cyanocephalus,Bird,Warm
Euphonia jamaica,Bird,Warm
Fringilla coelebs,Bird,Warm
Fringilla montifringilla,Bird,Warm
Gnorimopsar chopi,Bird,Warm
Gymnostinops montezuma,Bird,Warm
Habia fuscicauda,Bird,Warm
Helmitheros vermivorus,Bird,Warm
Hemithraupis guira,Bird,Warm
Himatione sanguinea,Bird,Warm
Icteria virens,Bird,Warm
Icterus galbula,Bird,Warm
Icterus spurius,Bird,Warm
Junco hyemalis,Bird,Warm
Leucosticte arctoa,Bird,Warm
Limnothlypis swainsonii,Bird,Warm
Loxia curvirostra,Bird,Warm
Loxia leucoptera,Bird,Warm
Loxigilla violacea,Bird,Warm
Loxipasser anoxanthus,Bird,Warm
Melopyrrha nigra,Bird,Warm
Melospiza georgiana,Bird,Warm
Melospiza melodia,Bird,Warm
Mitrospingus cassinii,Bird,Warm
Mniotilta varia,Bird,Warm
Molothrus ater,Bird,Warm
Molothrus badius,Bird,Warm
Myioborus pictus,Bird,Warm
Nesospingus speculiferus,Bird,Warm
Paroaria coronata,Bird,Warm
Passerculus sandwichensis,Bird,Warm
Passerina cyanea,Bird,Warm
Phaenocophilus palmarum,Bird,Warm
Pheucticus ludovicianus,Bird,Warm
Pinicola enucleator,Bird,Warm
Pipilo erythrophthalmus,Bird,Warm
Protonotaria citrea,Bird,Warm
Pseudoleistes virescens,Bird,Warm
Pyrrhula Pyrrhula,Bird,Warm
Quiscalus major,Bird,Warm
Quiscalus mexicanus,Bird,Warm
Quiscalus quiscula,Bird,Warm
Rhodinocichla rosea,Bird,Warm
Rhodospingus cruentus,Bird,Warm
Saltator maximus,Bird,Warm
Scaphidura oryzivora,Bird,Warm
Schistochlamys melanopis,Bird,Warm
Seiurus aurocapilla,Bird,Warm
Serinus burtoni,Bird,Warm
Serinus canaria,Bird,Warm
Serinus flaviventris,Bird,Warm
Serinus serinus,Bird,Warm
Setophaga ruticilla,Bird,Warm
Sicalis flaveola,Bird,Warm
Spindalis zena,Bird,Warm
Spiza americana,Bird,Warm
Spizella arborea,Bird,Warm
Sporophila americana,Bird,Warm
Sturnella magna,Bird,Warm
Sturnella neglecta,Bird,Warm
Tachyphonus delattrii,Bird,Warm
Tangara cyanicollis,Bird,Warm
Tangara icterocephala,Bird,Warm
Thraupis episcopus,Bird,Warm
Tiaris olivacea,Bird,Warm
Vermivora peregrina,Bird,Warm
Vermivora pinus,Bird,Warm
Volatinia jacarina,Bird,Warm
Xanthocephalus xanthocephalus,Bird,Warm
Zonotrichia albicollis,Bird,Warm
Zonotrichia capensis,Bird,Warm
Zonotrichia leucophrys,Bird,Warm
Anumbius annumbi,Bird,Warm
Aphrastura spinicauda,Bird,Warm
Automolus infuscatus,Bird,Warm
Automolus ochrolaemus,Bird,Warm
Campylorhamphus pusillus,Bird,Warm
Certhiaxis cinnamomea,Bird,Warm
Cinclodes fuscus,Bird,Warm
Cinclodes patagonicus,Bird,Warm
Coryphistera alaudina,Bird,Warm
Dendrocincla fuliginosa,Bird,Warm
Dendrocolaptes certhia,Bird,Warm
Furnarius rufus,Bird,Warm
Glyphorhynchus spirurus,Bird,Warm
Lepidocolaptes affinis,Bird,Warm
Lepidocolaptes souleyetii,Bird,Warm
Phacellodomus ruber,Bird,Warm
Phleocryptes melanops,Bird,Warm
Sclerurus mexicanus,Bird,Warm
Sittasomus griseicapillus,Bird,Warm
Xenops minutus,Bird,Warm
Xiphorhynchus guttatus,Bird,Warm
Xiphorhynchus picus,Bird,Warm
Delichon urbica,Bird,Warm
Hirundo rustica,Bird,Warm
Notiochelidon cyanoleuca,Bird,Warm
Progne subis,Bird,Warm
Riparia riparia,Bird,Warm
Stelgidopteryx ruficollis,Bird,Warm
Tachycineta bicolor,Bird,Warm
Tachycineta thalassina,Bird,Warm
Chloropsis hardwickii,Bird,Warm
Chloropsis palawanensis,Bird,Warm
Irena puella,Bird,Warm
Lanius collaris,Bird,Warm
Lanius collurio,Bird,Warm
Lanius excubitor,Bird,Warm
Lanius ludovicianus,Bird,Warm
Lanius senator,Bird,Warm
Amytornis goyderi,Bird,Warm
Malurus cyaneus,Bird,Warm
Malurus elegans,Bird,Warm
Malurus lamberti,Bird,Warm
Malurus leucopterus,Bird,Warm
Malurus melanocephalus,Bird,Warm
Malurus pulcherrimus,Bird,Warm
Malurus splendens,Bird,Warm
Toxorhamphus iliolophum,Bird,Warm
Toxorhamphus poliopterus,Bird,Warm
Acanthagenys rufogularis,Bird,Warm
Acanthorynchus tenuirostris,Bird,Warm
Anthochaera carunculata,Bird,Warm
Anthochaera chrysoptera,Bird,Warm
Ashbyia lovensis,Bird,Warm
Conopophila rufogularis,Bird,Warm
Entomyzon cyanotis,Bird,Warm
Epthianura aurifrons,Bird,Warm
Epthianura tricolor,Bird,Warm
Lichenostomus chrysops,Bird,Warm
Lichenostomus flavescens,Bird,Warm
Lichenostomus flavus,Bird,Warm
Lichenostomus keartlandi,Bird,Warm
Lichenostomus leucotis,Bird,Warm
Lichenostomus melanops,Bird,Warm
Lichenostomus ornatus,Bird,Warm
Lichenostomus penicillatus,Bird,Warm
Lichenostomus virescens,Bird,Warm
Lichmera indistincta,Bird,Warm
Manorina flavigula,Bird,Warm
Manorina melanocephala,Bird,Warm
Manorina melanophrys,Bird,Warm
Meliphaga lewinii,Bird,Warm
Meliphaga notata,Bird,Warm
Melithreptus albogularis,Bird,Warm
Melithreptus brevirostris,Bird,Warm
Melithreptus lunatus,Bird,Warm
Myzomela obscura,Bird,Warm
Myzomela sanguinolenta,Bird,Warm
Philemon buceroides,Bird,Warm
Philemon corniculatus,Bird,Warm
Phylidonyris albifrons,Bird,Warm
Phylidonyris melanops,Bird,Warm
Phylidonyris novaehollandiae,Bird,Warm
Ramsayornis modestus,Bird,Warm
Xanthotis flaviventer,Bird,Warm
Menura novaehollandiae,Bird,Warm
Alethe diademata,Bird,Warm
Brachypteryx montana,Bird,Warm
Catharus fuscescens,Bird,Warm
Catharus minimus,Bird,Warm
Catharus ustulatus,Bird,Warm
Cercotrichas coryphaeus,Bird,Warm
Cichlerminia lherminieri,Bird,Warm
Copsychus malabaricus,Bird,Warm
Copsychus sauIaris,Bird,Warm
Cossypha caffra,Bird,Warm
Culicicapa helianthea,Bird,Warm
Enicurus scouleri,Bird,Warm
Erithacus rubecula,Bird,Warm
Hylocichla mustelinus,Bird,Warm
Monticola saxatilis,Bird,Warm
Myadestes genibarbis,Bird,Warm
Myadestes townsendi,Bird,Warm
Phoenicurus ochruros,Bird,Warm
Rhinomyias gularis,Bird,Warm
Saxicola torquata,Bird,Warm
Sialia mexicana,Bird,Warm
Sigelus silens,Bird,Warm
Turdus merula,Bird,Warm
Turdus migratorius,Bird,Warm
Turdus philomelos,Bird,Warm
Zoothera lunulata,Bird,Warm
Aethopyga nipalensis,Bird,Warm
Anthreptes malacensis,Bird,Warm
Arachnothera longirostra,Bird,Warm
Dicaeum aeruginosum,Bird,Warm
Dicaeum hirundinaceum,Bird,Warm
Nectarinia jugularis,Bird,Warm
Nectarinia verticalis,Bird,Warm
Prionochilus plateri,Bird,Warm
Orthonyx temminckii,Bird,Warm
Acanthiza chrysorrhoa,Bird,Warm
Acanthiza lineata,Bird,Warm
Acanthiza pusilla,Bird,Warm
Acanthiza reguloides,Bird,Warm
Acanthiza uropygialis,Bird,Warm
Aphelocephala leucopsis,Bird,Warm
Dasyornis broadbenti,Bird,Warm
Pardalotus punctatus,Bird,Warm
Pardalotus striatus,Bird,Warm
Sericornis citreogularis,Bird,Warm
Sericornis magnirostris,Bird,Warm
Baeolophus bicolor,Bird,Warm
Parus ater,Bird,Warm
Parus caeruleus,Bird,Warm
Parus cristatus,Bird,Warm
Parus cyanus,Bird,Warm
Parus major,Bird,Warm
Parus montanus,Bird,Warm
Parus palustris,Bird,Warm
Parus venustulus,Bird,Warm
Poecile atricapillus,Bird,Warm
Poecile carolinensis,Bird,Warm
Poecile gambeli,Bird,Warm
Poecile hudsonicus,Bird,Warm
Amadina fasciata,Bird,Warm
Amandava amandava,Bird,Warm
Anthus berthelotii,Bird,Warm
Anthus campestris,Bird,Warm
Anthus novaeseelandiae,Bird,Warm
Anthus pratensis,Bird,Warm
Anthus trivialis,Bird,Warm
Bubalornis albirostris,Bird,Warm
Chloebia gouldiae,Bird,Warm
Erythrura trichroa,Bird,Warm
Estrilda astrild,Bird,Warm
Estrilda troglodytes,Bird,Warm
Euplectes orix,Bird,Warm
Foudia madagascariensis,Bird,Warm
Lagonosticta senegala,Bird,Warm
Lonchura bicolor,Bird,Warm
Lonchura cucullata,Bird,Warm
Lonchura flaviprymna,Bird,Warm
Lonchura malacca,Bird,Warm
Lonchura pallida,Bird,Warm
Lonchura spectabilis,Bird,Warm
Lonchura striata,Bird,Warm
Montifringilla nivalis,Bird,Warm
Motacilla alba,Bird,Warm
Motacilla flava,Bird,Warm
Neochmia phaethon,Bird,Warm
Neochmia temporalis,Bird,Warm
Padda oryzivora,Bird,Warm
Passer domesticus,Bird,Warm
Passer griseus,Bird,Warm
Passer hispaniolensis,Bird,Warm
Passer montanus,Bird,Warm
Passer rutilans,Bird,Warm
Plocepasser mahali,Bird,Warm
Ploceus cucullatus,Bird,Warm
Poephila acuticauda,Bird,Warm
Poephila cincta,Bird,Warm
Poephila personata,Bird,Warm
Prunella modularis,Bird,Warm
Pyrenestes sanguineous,Bird,Warm
Pytilia melba,Bird,Warm
Pytilia phoenicoptera,Bird,Warm
Spermophaga haematina,Bird,Warm
Staganopleura guttata,Bird,Warm
Taeniopygia bichenovii,Bird,Warm
Taeniopygia guttata,Bird,Warm
Uraeginthus bengalus,Bird,Warm
Vidua paradisaea,Bird,Warm
Drymodes brunneopygia,Bird,Warm
Eopsaltria australis,Bird,Warm
Eopsaltria griseogularis,Bird,Warm
Melanodryas cucullata,Bird,Warm
Microeca fascinans,Bird,Warm
Microeca flavigaster,Bird,Warm
Pachycephalopsis poliosoma,Bird,Warm
Petroica goodenovii,Bird,Warm
Petroica multicolor,Bird,Warm
Tragellasia leucops,Bird,Warm
Pitta brachyura,Bird,Warm
Pitta erythrogaster,Bird,Warm
Pitta guajana,Bird,Warm
Pitta sordida,Bird,Warm
Pitta versicolor,Bird,Warm
Pomatostomus halli,Bird,Warm
Pomatostomus isidorei,Bird,Warm
Pomatostomus ruficeps,Bird,Warm
Pomatostomus superciliosus,Bird,Warm
Pomatostomus temporalis,Bird,Warm
Ailuroedus crassirostris,Bird,Warm
Amblyornis macgregoriae,Bird,Warm
Chlamydera nuchalis,Bird,Warm
Ptilonorhynchus violaceus,Bird,Warm
Sericulus chrysocephalus,Bird,Warm
Alophoixus pallidus,Bird,Warm
Chlorocichla flavicollis,Bird,Warm
Nicator chloris,Bird,Warm
Pycnonotus barbatus,Bird,Warm
Pycnonotus jocosus,Bird,Warm
Regulus regulus,Bird,Warm
Rhinocrypta lanceolata,Bird,Warm
Sitta canadensis,Bird,Warm
Sitta carolinensis,Bird,Warm
Sitta europaea,Bird,Warm
Sitta pygmaea,Bird,Warm
Acridotheres tristis,Bird,Warm
Aplonis metallica,Bird,Warm
Dumetella carolinensis,Bird,Warm
Gracula religiosa,Bird,Warm
Lamprotornis purpureus,Bird,Warm
Lamprotornis superbus,Bird,Warm
Margarops fuscatus,Bird,Warm
Margarops fuscus,Bird,Warm
Melanoptila glabirostris,Bird,Warm
Mimus polyglottos,Bird,Warm
Poeoptera lugubris,Bird,Warm
Sarcops calvus,Bird,Warm
Sturnus roseus,Bird,Warm
Sturnus vulgaris,Bird,Warm
Toxostoma curvirostre,Bird,Warm
Abroscopus albogularis,Bird,Warm
Acrocephalus arundinaceus,Bird,Warm
Acrocephalus melanopogon,Bird,Warm
Acrocephalus orientalis,Bird,Warm
Acrocephalus palustris,Bird,Warm
Acrocephalus schoenobaenus,Bird,Warm
Acrocephalus scirpaceus,Bird,Warm
Chaemaea fasciata,Bird,Warm
Cincloramphus cruralis,Bird,Warm
Cincloramphus mathewsi,Bird,Warm
Garrulax leucolophus,Bird,Warm
Heterophasia melanoleuca,Bird,Warm
Hippolais icterina,Bird,Warm
Illadopsis fulvescens,Bird,Warm
Leiothrix argentauris,Bird,Warm
Leiothrix lutea,Bird,Warm
Locustella fluviatilis,Bird,Warm
Locustella luscinioides,Bird,Warm
Macronous gularis,Bird,Warm
Megalurus palustris,Bird,Warm
Minla ignotincta,Bird,Warm
Phylloscopus bonelli,Bird,Warm
Phylloscopus collybita,Bird,Warm
Phylloscopus sibiliatrix,Bird,Warm
Phylloscopus trochilus,Bird,Warm
Pomatorhinus ruficollis,Bird,Warm
Pteruthius flaviscapis,Bird,Warm
Stachyris whiteheadi,Bird,Warm
Sylvia atricapilla,Bird,Warm
Sylvia borin,Bird,Warm
Sylvia communis,Bird,Warm
Sylvia curruca,Bird,Warm
Sylvia hortensis,Bird,Warm
Sylvia melanocephala,Bird,Warm
Sylvia nisoria,Bird,Warm
Yuhina diademata,Bird,Warm
Cercomacra tyrannina,Bird,Warm
Dystithamnus mentalis,Bird,Warm
Formicivora grisea,Bird,Warm
Gymnocichla nudiceps,Bird,Warm
Gymnopithys leucaspis,Bird,Warm
Hylophylax naevia,Bird,Warm
Hylophylax poecilonota,Bird,Warm
Hypocnemis cantator,Bird,Warm
Myrmotherula axillaris,Bird,Warm
Myrmotherula fulviventris,Bird,Warm
Phaenostictus mcleannani,Bird,Warm
Pithys albifrons,Bird,Warm
Pyriglena leuconota,Bird,Warm
Sakesphorus luctuosus,Bird,Warm
Taraba major,Bird,Warm
Thamnomanes caesius,Bird,Warm
Thamnophilus caerulescens,Bird,Warm
Thamnophilus punctatus,Bird,Warm
Attila spadiceus,Bird,Warm
Camptostoma obsoletum,Bird,Warm
Chiroxiphia caudata,Bird,Warm
Chiroxiphia linearis,Bird,Warm
Cnemotriccus fuscatus,Bird,Warm
Colonia colonus,Bird,Warm
Contopus latirostris,Bird,Warm
Contopus virens,Bird,Warm
Elaenia frantzii,Bird,Warm
Elaenia martinica,Bird,Warm
Empidonax minimus,Bird,Warm
Empidonax virescens,Bird,Warm
Gymnoderus foetidus,Bird,Warm
Hemitriccus margaritaceiventer,Bird,Warm
Hymenops perspicillatus,Bird,Warm
Legatus leucophaius,Bird,Warm
Lessonia rufa,Bird,Warm
Lipaugus vociferans,Bird,Warm
Manacus candei,Bird,Warm
Manacus manacus,Bird,Warm
Manacus vitellinus,Bird,Warm
Mecocerculus leucophrys,Bird,Warm
Mionectes oligeneus,Bird,Warm
Mitrephanes phaeocercus,Bird,Warm
Muscisaxicola alpina,Bird,Warm
Myiarchus cinerascens,Bird,Warm
Myiarchus stolidus,Bird,Warm
Myiarchus tuberculifer,Bird,Warm
Myiarchus tyrannulus,Bird,Warm
Myiobius barbatus,Bird,Warm
Myiodynastes maculatus,Bird,Warm
Myiopagis cotta,Bird,Warm
Myiophobus fasciatus,Bird,Warm
Myiozetetes similis,Bird,Warm
Onychorhynchus coronatus,Bird,Warm
Pachyramphus cinnamomeus,Bird,Warm
Pachyramphus polychopterus,Bird,Warm
Perissocephalus tricolor,Bird,Warm
Phaeomyias murina,Bird,Warm
Phytotoma rara,Bird,Warm
Pipra erythrocephala,Bird,Warm
Pipra fasciicauda,Bird,Warm
Pipra mentalis,Bird,Warm
Pitangus sulphuratus,Bird,Warm
Platyrinchus concrominus,Bird,Warm
Pseudocolopteryx flaviventris,Bird,Warm
Pseudotriccus pelzelni,Bird,Warm
Pyrocephalus rubinus,Bird,Warm
Pyroderus scutatus,Bird,Warm
Querula purpurata,Bird,Warm
Rupicola peruviana,Bird,Warm
Sayornis nigricans,Bird,Warm
Sayornis phoebe,Bird,Warm
Sayornis saya,Bird,Warm
Schiffornis turdinus,Bird,Warm
Tityra cayana,Bird,Warm
Tityra semifasciata,Bird,Warm
Todirostrum cinereum,Bird,Warm
Tolmomyias sulphurescens,Bird,Warm
Tyrannus savanna,Bird,Warm
Tyrannus tyrannus,Bird,Warm
Xolmis irupero,Bird,Warm
Xolmis pyrope,Bird,Warm
Cyclarhis gujanensis,Bird,Warm
Vireo altiloquus,Bird,Warm
Vireo olivaceus,Bird,Warm
Vireo philadelphicus,Bird,Warm
Zosterops japonicus,Bird,Warm
Zosterops lateralis,Bird,Warm
Phocoena,Mammals,Warm
Lagenorhynchus,Mammals,Warm
Stenella,Mammals,Warm
Tursiops,Mammals,Warm
Delphinus,Mammals,Warm
Stenella,Mammals,Warm
Phocoenoides,Mammals,Warm
Orcinus,Mammals,Warm
Delphinapterus,Mammals,Warm
Pseudorca,Mammals,Warm
Saguinus tamarin,Mammals,Warm
Saguinus midas,Mammals,Warm
Saguinus Oedipus,Mammals,Warm
Callicebus moloch,Mammals,Warm
Cercopithecus cupreus,Mammals,Warm
Alouatta villosa,Mammals,Warm
Atelidae seniculus,Mammals,Warm
Cebus capucinus,Mammals,Warm
Cercopithecus albifrons,Mammals,Warm
Cercopithecus apella,Mammals,Warm
Saimiri sciureus,Mammals,Warm
Saguinus oerstedii,Mammals,Warm
Ateles paniscus,Mammals,Warm
Atelidae belzebuth,Mammals,Warm
Atelidae geoffroyi,Mammals,Warm
Cercopithecus aethiops,Mammals,Warm
Cercopithecus pygerythrus,Mammals,Warm
Cercopithecus lhoesti,Mammals,Warm
Cercopithecus hamlyni,Mammals,Warm
Cercopithecus mitis,Mammals,Warm
Cercopithecus mona,Mammals,Warm
Cercopithecus ascanius,Mammals,Warm
Cercopithecus talopoin,Mammals,Warm
Macaca sinica,Mammals,Warm
Macaca nemestrina,Mammals,Warm
Macaca fascicularis,Mammals,Warm
Macaca mulatta,Mammals,Warm
Cercocebus albigena,Mammals,Warm
Cercopithecus torquatus,Mammals,Warm
Cercopithecus galeitus,Mammals,Warm
Papio cynocephalus,Mammals,Warm
P.anubis,Mammals,Warm
P.papio,Mammals,Warm
P.ursinus,Mammals,Warm
P.hamadryas,Mammals,Warm
Mandrillus sphinx,Mammals,Warm
Presbytis entellus,Mammals,Warm
P.cristatus,Mammals,Warm
P.obscurus,Mammals,Warm
Hylobates  lar,Mammals,Warm
H.moloch,Mammals,Warm
H.agilis,Mammals,Warm
Symphalangus syndactylus,Mammals,Warm
Pongo pygmaeus,Mammals,Warm
Pan troglodytes,Mammals,Warm
Gorilla gorilla,Mammals,Warm
Pongo pygmaeus,Mammals,Warm
pan troglodytes,Mammals,Warm
Gorilla gorilla,Mammals,Warm
Homo sapiens,Mammals,Warm
Ateles paniscus,Mammals,Warm
Cebus albifrons,Mammals,Warm
Macaca nigra,Mammals,Warm
Macaca nemestrina,Mammals,Warm
Cebus capucinus,Mammals,Warm
Macaca assamensis,Mammals,Warm
Cebus apella,Mammals,Warm
Cebus olivaceus,Mammals,Warm
Lagothrix lagotricha,Mammals,Warm
Macaca sinica,Mammals,Warm
Theropithecus gelada,Mammals,Warm
Cercocebus agilis,Mammals,Warm
Mandrillus sphinx,Mammals,Warm
Ateles geoffroyi,Mammals,Warm
Lophocebus albigena,Mammals,Warm
Pan paniscus,Mammals,Warm
Cercopithecus cephus,Mammals,Warm
Macaca mulatta,Mammals,Warm
Semnopithecus entellus,Mammals,Warm
Cercopithecus mona,Mammals,Warm
Macaca fascicularis,Mammals,Warm
Hylobates lar,Mammals,Warm
Hylobates muelleri,Mammals,Warm
Saimiri sciureus,Mammals,Warm
Papio hamadryas,Mammals,Warm
Hylobates agilis,Mammals,Warm
Pongo pygmaeus,Mammals,Warm
Chlorocebus aethiops,Mammals,Warm
Saimiri oerstedii,Mammals,Warm
Ateles fusciceps,Mammals,Warm
Aotus lemurinus,Mammals,Warm
Pan troglodytes,Mammals,Warm
Erythrocebus patas,Mammals,Warm
Hylobates syndactylus,Mammals,Warm
Macaca maura,Mammals,Warm
Macaca arctoides,Mammals,Warm
Saimiri boliviensis,Mammals,Warm
Pithecia monachus,Mammals,Warm
Gorilla gorilla,Mammals,Warm
Trachypithecus francoisi,Mammals,Warm
Cercopithecus mitis,Mammals,Warm
Eulemur rubriventer,Mammals,Warm
Alouatta seniculus,Mammals,Warm
Daubentonia madagascariensis,Mammals,Warm
Procolobus badius,Mammals,Warm
Pygathrix nemaeus,Mammals,Warm
Colobus guereza,Mammals,Warm
Macaca sylvanus,Mammals,Warm
Callicebus moloch,Mammals,Warm
Aotus trivirgatus,Mammals,Warm
Leontopithecus rosalia,Mammals,Warm
Alouatta caraya,Mammals,Warm
Colobus angolensis,Mammals,Warm
Saguinus oedipus,Mammals,Warm
Saguinus geoffroyi,Mammals,Warm
Eulemur mongoz,Mammals,Warm
Varecia variegata,Mammals,Warm
Alouatta palliata,Mammals,Warm
Nycticebus coucang,Mammals,Warm
Callithrix pygmaea,Mammals,Warm
Galagoides demidoff,Mammals,Warm
Callithrix jacchus,Mammals,Warm
Eulemur macaco,Mammals,Warm
Lemur catta,Mammals,Warm
Indri indri,Mammals,Warm
Propithecus verreauxi,Mammals,Warm
Perodicticus potto,Mammals,Warm
Tarsius bancanus,Mammals,Warm
Galago senegalensis,Mammals,Warm
Nycticebus pygmaeus,Mammals,Warm
Loris tardigradus,Mammals,Warm
Cheirogaleus major,Mammals,Warm
Microcebus murinus,Mammals,Warm
Avahi laniger,Mammals,Warm
Cheirogaleus medius,Mammals,Warm
Elephas,Mammals,Warm
Helarctos,Mammals,Warm
Loxodonta,Mammals,Warm
Arctocephalus,Mammals,Warm
Zalophus,Mammals,Warm
Phoca,Mammals,Warm
Bassariscus,Mammals,Warm
Lobodon,Mammals,Warm
Vulpes,Mammals,Warm
Equus,Mammals,Warm
Odobenus,Mammals,Warm
Ommatophoca,Mammals,Warm
Arctocephalus,Mammals,Warm
Lynx,Mammals,Warm
Rangifer,Mammals,Warm
Arctocephalus,Mammals,Warm
Hydrurga,Mammals,Warm
Damaliscus,Mammals,Warm
Arctocephalus,Mammals,Warm
Potos,Mammals,Warm
Otaria,Mammals,Warm
Arctocephalus,Mammals,Warm
Arctocephalus,Mammals,Warm
Nasua,Mammals,Warm
Panthera,Mammals,Warm
Alces,Mammals,Warm
Tayassu,Mammals,Warm
Ursus,Mammals,Warm
Connochaetes,Mammals,Warm
Tapirus,Mammals,Warm
Odocoileus,Mammals,Warm
Cervus,Mammals,Warm
Phoca,Mammals,Warm
Tragelaphus,Mammals,Warm
Phoca,Mammals,Warm
Urocyon,Mammals,Warm
Monachus,Mammals,Warm
Neophoca,Mammals,Warm
Ailurus,Mammals,Warm
Callorhinus,Mammals,Warm
Arctocephalus,Mammals,Warm
Equus,Mammals,Warm
Leopardus,Mammals,Warm
Monachus,Mammals,Warm
Leptonychotes,Mammals,Warm
Ursus,Mammals,Warm
Canis,Mammals,Warm
Procyon,Mammals,Warm
Erignathus,Mammals,Warm
Phoca,Mammals,Warm
Cystophora,Mammals,Warm
Aepyceros,Mammals,Warm
Boselaphus,Mammals,Warm
Axis,Mammals,Warm
Madoqua,Mammals,Warm
Rattus,Mammals,Warm
Nasua,Mammals,Warm
Crocuta,Mammals,Warm
Neurotrichus,Mammals,Warm
Myrmecophaga,Mammals,Warm
Callosciurus,Mammals,Warm
Agouti,Mammals,Warm
Paradoxurus,Mammals,Warm
Tragelaphus,Mammals,Warm
Melursus,Mammals,Warm
Puma,Mammals,Warm
Mustela,Mammals,Warm
Lynx,Mammals,Warm
Tamiops,Mammals,Warm
Eumetopias,Mammals,Warm
Gerbillus,Mammals,Warm
Phocarctos,Mammals,Warm
Phoca,Mammals,Warm
Gazella,Mammals,Warm
Xerus,Mammals,Warm
Panthera,Mammals,Warm
Pteropus,Mammals,Warm
Syncerus,Mammals,Warm
Halichoerus,Mammals,Warm
Dremomys,Mammals,Warm
Tupaia,Mammals,Warm
Otocyon,Mammals,Warm
Phoca,Mammals,Warm
Leptailurus,Mammals,Warm
Mirounga,Mammals,Warm
Megaptera,Mammals,Warm
Callosciurus,Mammals,Warm
Kobus,Mammals,Warm
Gymnobelideus,Mammals,Warm
Marmota,Mammals,Warm
Pteropus,Mammals,Warm
Genetta,Mammals,Warm
Tscherskia,Mammals,Warm
Sciurus,Mammals,Warm
Procavia,Mammals,Warm
Sus,Mammals,Warm
Ichneumia,Mammals,Warm
Callosciurus,Mammals,Warm
Sciurus,Mammals,Warm
Funisciurus,Mammals,Warm
Panthera,Mammals,Warm
Ammospermophilus,Mammals,Warm
Tamandua,Mammals,Warm
Heliosciurus,Mammals,Warm
Dasyprocta,Mammals,Warm
Heliosciurus,Mammals,Warm
Sciurus,Mammals,Warm
Moschiola,Mammals,Warm
Zaglossus,Mammals,Warm
Atherurus,Mammals,Warm
Tamias,Mammals,Warm
Onychogalea,Mammals,Warm
Callosciurus,Mammals,Warm
Bradypus,Mammals,Warm
Tamias,Mammals,Warm
Sciurus,Mammals,Warm
Tragulus,Mammals,Warm
Choloepus,Mammals,Warm
Thylogale,Mammals,Warm
Bettongia,Mammals,Warm
Tamias,Mammals,Warm
Cabassous,Mammals,Warm
Tamiasciurus,Mammals,Warm
Tamias,Mammals,Warm
Funisciurus,Mammals,Warm
Iomys,Mammals,Warm
Scalopus,Mammals,Warm
Tamias,Mammals,Warm
Sciurus,Mammals,Warm
Phacochoerus,Mammals,Warm
Xerus,Mammals,Warm
Rhinosciurus,Mammals,Warm
Jaculus,Mammals,Warm
Tamias,Mammals,Warm
Macropus,Mammals,Warm
Hydrochaeris,Mammals,Warm
Bettongia,Mammals,Warm
Scapanus,Mammals,Warm
Ratufa,Mammals,Warm
Thryonomys,Mammals,Warm
Giraffa,Mammals,Warm
Proechimys,Mammals,Warm
Funisciurus,Mammals,Warm
Rhynchocyon,Mammals,Warm
Dendrolagus,Mammals,Warm
Tamias,Mammals,Warm
Euphractus,Mammals,Warm
Lepus,Mammals,Warm
Hippopotamus,Mammals,Warm
Lagorchestes,Mammals,Warm
Spermophilopsis,Mammals,Warm
Allactaga,Mammals,Warm
Ratufa,Mammals,Warm
Aeromys,Mammals,Warm
Choloepus,Mammals,Warm
Urogale,Mammals,Warm
Petrogale,Mammals,Warm
Tupaia,Mammals,Warm
Dasyprocta,Mammals,Warm
Funambulus,Mammals,Warm
Dactylopsila,Mammals,Warm
Thylogale,Mammals,Warm
Tamias,Mammals,Warm
Ammospermophilus,Mammals,Warm
Tamias,Mammals,Warm
Erethizon,Mammals,Warm
Balaenoptera,Mammals,Warm
Rhynchocyon,Mammals,Warm
Rousettus,Mammals,Warm
Lagidium,Mammals,Warm
Dolichotis,Mammals,Warm
Tachyglossus,Mammals,Warm
Glaucomys,Mammals,Warm
Macropus,Mammals,Warm
Petrogale,Mammals,Warm
Vombatus,Mammals,Warm
Macropus,Mammals,Warm
Tamias,Mammals,Warm
Mustela,Mammals,Warm
Heliosciurus,Mammals,Warm
Ornithorhynchus,Mammals,Warm
Condylura,Mammals,Warm
Melomys,Mammals,Warm
Petaurista,Mammals,Warm
Glaucomys,Mammals,Warm
Cavia,Mammals,Warm
Spermophilus,Mammals,Warm
Petaurista,Mammals,Warm
Xerus,Mammals,Warm
Trichosurus,Mammals,Warm
Hylopetes,Mammals,Warm
Sylvilagus,Mammals,Warm
Dipodomys,Mammals,Warm
Stenomys,Mammals,Warm
Tatera,Mammals,Warm
Hoplomys,Mammals,Warm
Aplodontia,Mammals,Warm
Lepus,Mammals,Warm
Pogonomelomys,Mammals,Warm
Jaculus,Mammals,Warm
Ochotona,Mammals,Warm
Bradypus,Mammals,Warm
Gerbillurus,Mammals,Warm
Macropus,Mammals,Warm
Caluromys,Mammals,Warm
Petrogale,Mammals,Warm
Dendrolagus,Mammals,Warm
Gerbillus,Mammals,Warm
Gerbillus,Mammals,Warm
Melomys,Mammals,Warm
Ratufa,Mammals,Warm
Lepus,Mammals,Warm
Thylamys,Mammals,Warm
Pogonomys,Mammals,Warm
Dipodomys,Mammals,Warm
Lepus,Mammals,Warm
Dipodomys,Mammals,Warm
Myrmecobius,Mammals,Warm
Cavia,Mammals,Warm
Desmodus,Mammals,Warm
Microdipodops,Mammals,Warm
Macropus,Mammals,Warm
Elephantulus,Mammals,Warm
Caluromys,Mammals,Warm
Lepus,Mammals,Warm
Sylvilagus,Mammals,Warm
Galemys,Mammals,Warm
Melomys,Mammals,Warm
Sylvilagus,Mammals,Warm
Cynopterus,Mammals,Warm
Dipodomys,Mammals,Warm
Stenomys,Mammals,Warm
Ammospermophilus,Mammals,Warm
Spermophilus,Mammals,Warm
Diaemus,Mammals,Warm
Microdipodops,Mammals,Warm
Phalanger,Mammals,Warm
Spermophilus,Mammals,Warm
Podomys,Mammals,Warm
Macropus,Mammals,Warm
Cynopterus,Mammals,Warm
Dipodomys,Mammals,Warm
Paraxerus,Mammals,Warm
Neotoma,Mammals,Warm
Castor,Mammals,Warm
Eonycteris,Mammals,Warm
Peromyscus,Mammals,Warm
Spermophilus,Mammals,Warm
Rhyncholestes,Mammals,Warm
Spilocuscus,Mammals,Warm
Pseudomys,Mammals,Warm
Peromyscus,Mammals,Warm
Oryctolagus,Mammals,Warm
Ototylomys,Mammals,Warm
Sylvilagus,Mammals,Warm
Ochotona,Mammals,Warm
Notomys,Mammals,Warm
Onychomys,Mammals,Warm
Noctilio,Mammals,Warm
Cynomys,Mammals,Warm
Phyllostomus,Mammals,Warm
Cercartetus,Mammals,Warm
Neotoma,Mammals,Warm
Rattus,Mammals,Warm
Pogonomys,Mammals,Warm
Trichechus,Mammals,Warm
Pseudocheirus,Mammals,Warm
Peromyscus,Mammals,Warm
Balaenoptera,Mammals,Warm
Mephitis,Mammals,Warm
Rattus,Mammals,Warm
Marmosa,Mammals,Warm
Parantechinus,Mammals,Warm
Artibeus,Mammals,Warm
Peroryctes,Mammals,Warm
Lepus,Mammals,Warm
Rattus,Mammals,Warm
Spalacopus,Mammals,Warm
Leopoldamys,Mammals,Warm
Grammomys,Mammals,Warm
Desmana,Mammals,Warm
Tatera,Mammals,Warm
Marmosa,Mammals,Warm
Peromyscus,Mammals,Warm
Hypsignathus,Mammals,Warm
Talpa,Mammals,Warm
Antechinus,Mammals,Warm
Clethrionomys,Mammals,Warm
Melomys,Mammals,Warm
Massoutiera,Mammals,Warm
Dorcopsis,Mammals,Warm
Rattus,Mammals,Warm
Spermophilus,Mammals,Warm
Dipodomys,Mammals,Warm
Peromyscus,Mammals,Warm
Malacomys,Mammals,Warm
Metachirus,Mammals,Warm
Peromyscus,Mammals,Warm
Chrysochloris,Mammals,Warm
Chiropodomys,Mammals,Warm
Lepus,Mammals,Warm
Acomys,Mammals,Warm
Mystromys,Mammals,Warm
Clethrionomys,Mammals,Warm
Phalanger,Mammals,Warm
Ochotona,Mammals,Warm
Casinycteris,Mammals,Warm
Phalanger,Mammals,Warm
Meriones,Mammals,Warm
Dasycercus,Mammals,Warm
Uroderma,Mammals,Warm
Zapus,Mammals,Warm
Distoechurus,Mammals,Warm
Onychomys,Mammals,Warm
Peromyscus,Mammals,Warm
Praomys,Mammals,Warm
Spermophilus,Mammals,Warm
Marmosa,Mammals,Warm
Phascogale,Mammals,Warm
Pteromyscus,Mammals,Warm
Dipodomys,Mammals,Warm
Gerbillus,Mammals,Warm
Peromyscus,Mammals,Warm
Dipodomys,Mammals,Warm
Spermophilus,Mammals,Warm
Wallabia,Mammals,Warm
Hybomys,Mammals,Warm
Apodemus,Mammals,Warm
Platyrrhinus,Mammals,Warm
Reithrodontomys,Mammals,Warm
Lophuromys,Mammals,Warm
Microtus,Mammals,Warm
Peromyscus,Mammals,Warm
Rattus,Mammals,Warm
Peromyscus,Mammals,Warm
Cricetomys,Mammals,Warm
Micromys,Mammals,Warm
Tatera,Mammals,Warm
Gerbillus,Mammals,Warm
Myoxus,Mammals,Warm
Sturnira,Mammals,Warm
Rattus,Mammals,Warm
Orthogeomys,Mammals,Warm
Peromyscus,Mammals,Warm
Neofiber,Mammals,Warm
Perognathus,Mammals,Warm
Cynomys,Mammals,Warm
Oligoryzomys,Mammals,Warm
Antechinus,Mammals,Warm
Uranomys,Mammals,Warm
Spermophilus,Mammals,Warm
Arvicanthis,Mammals,Warm
Liomys,Mammals,Warm
Nyctomys,Mammals,Warm
Phalanger,Mammals,Warm
Clethrionomys,Mammals,Warm
Chaetodipus,Mammals,Warm
Peromyscus,Mammals,Warm
Glossophaga,Mammals,Warm
Murexia,Mammals,Warm
Artibeus,Mammals,Warm
Microtus,Mammals,Warm
Spermophilus,Mammals,Warm
Orthogeomys,Mammals,Warm
Peromyscus,Mammals,Warm
Cynomys,Mammals,Warm
Peromyscus,Mammals,Warm
Orthogeomys,Mammals,Warm
Peromyscus,Mammals,Warm
Zygogeomys,Mammals,Warm
Peromyscus,Mammals,Warm
Peromyscus,Mammals,Warm
Carollia,Mammals,Warm
Isthmomys,Mammals,Warm
Antechinus,Mammals,Warm
Peromyscus,Mammals,Warm
Microtus,Mammals,Warm
Chaetodipus,Mammals,Warm
Philander,Mammals,Warm
Synaptomys,Mammals,Warm
Perognathus,Mammals,Warm
Chaetodipus,Mammals,Warm
Spermophilus,Mammals,Warm
Dinomys,Mammals,Warm
Nycteris,Mammals,Warm
Caluromys,Mammals,Warm
Oryzomys,Mammals,Warm
Apodemus,Mammals,Warm
Pappogeomys,Mammals,Warm
Chaetodipus,Mammals,Warm
Chaetodipus,Mammals,Warm
Lophuromys,Mammals,Warm
Sminthopsis,Mammals,Warm
Geocapromys,Mammals,Warm
Spermophilus,Mammals,Warm
Pectinator,Mammals,Warm
Lemniscomys,Mammals,Warm
Perognathus,Mammals,Warm
Hydromys,Mammals,Warm
Antechinus,Mammals,Warm
Sminthopsis,Mammals,Warm
Heteromys,Mammals,Warm
Neotoma,Mammals,Warm
Perameles,Mammals,Warm
Lagostomus,Mammals,Warm
Praomys,Mammals,Warm
Myocastor,Mammals,Warm
Potamogale,Mammals,Warm
Holochilus,Mammals,Warm
Dasyurus,Mammals,Warm
Microgale,Mammals,Warm
Petauroides,Mammals,Warm
Isoodon,Mammals,Warm
Neotoma,Mammals,Warm
Microtus,Mammals,Warm
Microtus,Mammals,Warm
Microtus,Mammals,Warm
Chaetodipus,Mammals,Warm
Mormoops,Mammals,Warm
Leptonycteris,Mammals,Warm
Liomys,Mammals,Warm
Myomys,Mammals,Warm
Cercartetus,Mammals,Warm
Isoodon,Mammals,Warm
Geomys,Mammals,Warm
Marmota,Mammals,Warm
Myotis,Mammals,Warm
Saccostomus,Mammals,Warm
Nannospalax,Mammals,Warm
Sminthopsis,Mammals,Warm
Solenodon,Mammals,Warm
Liomys,Mammals,Warm
Chaetodipus,Mammals,Warm
Galea,Mammals,Warm
Sorex,Mammals,Warm
Hipposideros,Mammals,Warm
Geomys,Mammals,Warm
Monodelphis,Mammals,Warm
Sorex,Mammals,Warm
Limnogale,Mammals,Warm
Sorex,Mammals,Warm
Atelerix,Mammals,Warm
Rattus,Mammals,Warm
Thomomys,Mammals,Warm
Microtus,Mammals,Warm
Rhabdomys,Mammals,Warm
Arvicola,Mammals,Warm
Sminthopsis,Mammals,Warm
Neotoma,Mammals,Warm
Pteronotus,Mammals,Warm
Microgale,Mammals,Warm
Sorex,Mammals,Warm
Meriones,Mammals,Warm
Beamys,Mammals,Warm
Megadontomys,Mammals,Warm
Cryptomys,Mammals,Warm
Macrotis,Mammals,Warm
Didelphis,Mammals,Warm
Ondatra,Mammals,Warm
Perameles,Mammals,Warm
Dasypus,Mammals,Warm
Microtus,Mammals,Warm
Zapus,Mammals,Warm
Napaeozapus,Mammals,Warm
Cricetus,Mammals,Warm
Rhinolophus,Mammals,Warm
Aethomys,Mammals,Warm
Myotis,Mammals,Warm
Aethomys,Mammals,Warm
Tachyoryctes,Mammals,Warm
Microtus,Mammals,Warm
Otomys,Mammals,Warm
Erinaceus,Mammals,Warm
Perameles,Mammals,Warm
Sorex,Mammals,Warm
Echymipera,Mammals,Warm
Myotis,Mammals,Warm
Myotis,Mammals,Warm
Lagurus,Mammals,Warm
Peromyscus,Mammals,Warm
Thomomys,Mammals,Warm
Surdisorex,Mammals,Warm
Microgale,Mammals,Warm
Hemiechinus,Mammals,Warm
Microtus,Mammals,Warm
Marmosa,Mammals,Warm
Clethrionomys,Mammals,Warm
Myotis,Mammals,Warm
Mesembriomys,Mammals,Warm
Myopus,Mammals,Warm
Heliophobius,Mammals,Warm
Lemmus,Mammals,Warm
Chrysochloris,Mammals,Warm
Mimon,Mammals,Warm
Hipposideros,Mammals,Warm
Antechinus,Mammals,Warm
Mus,Mammals,Warm
Antechinus,Mammals,Warm
Echymipera,Mammals,Warm
Microtus,Mammals,Warm
Aethomys,Mammals,Warm
Dicrostonyx,Mammals,Warm
Saccopteryx,Mammals,Warm
Miniopterus,Mammals,Warm
Sorex,Mammals,Warm
Myotis,Mammals,Warm
Marmota,Mammals,Warm
Mus,Mammals,Warm
Noctilio,Mammals,Warm
Chaerephon,Mammals,Warm
Myotis,Mammals,Warm
Sigmodon,Mammals,Warm
Sorex,Mammals,Warm
Oryzorictes,Mammals,Warm
Didelphis,Mammals,Warm
Planigale,Mammals,Warm
Atelerix,Mammals,Warm
Murexia,Mammals,Warm
Dicrostonyx,Mammals,Warm
Neomys,Mammals,Warm
Sorex,Mammals,Warm
Molossus,Mammals,Warm
Setifer,Mammals,Warm
Bathyergus,Mammals,Warm
Sorex,Mammals,Warm
Blarina,Mammals,Warm
Notiosorex,Mammals,Warm
Mormopterus,Mammals,Warm
Hemicentetes,Mammals,Warm
Myotis,Mammals,Warm
Sorex,Mammals,Warm
Tenrec,Mammals,Warm
Crocidura,Mammals,Warm
Crocidura,Mammals,Warm
Suncus,Mammals,Warm
Rhynchonycteris,Mammals,Warm
Sorex,Mammals,Warm
Heterocephalus,Mammals,Warm
Cryptotis,Mammals,Warm
Suncus,Mammals,Warm
Echinops,Mammals,Warm
Otomys,Mammals,Warm
Apodemus,Mammals,Warm
Solenodon paradoxus,Insectivore,Warm
Tenrec Ecaudatus,Insectivore,Warm
Setifer setosus,Insectivore,Warm
Hemicentetes semispinosus,Insectivore,Warm
Echinops telfairi,Insectivore,Warm
Oryzorictes talpoides,Insectivore,Warm
Microgale cowani,Insectivore,Warm
Nesogale cowani,Insectivore,Warm
Nesogale talazaci,Insectivore,Warm
Limnogale mergulus,Insectivore,Warm
Potamogale velox,Insectivore,Warm
Erinaceus europaeus,Insectivore,Warm
Sorex minutus,Insectivore,Warm
Sorex araneus,Insectivore,Warm
Blarina brevicaudata,Insectivore,Warm
Neomys fodiens,Insectivore,Warm
Sylvisorex megalura,Insectivore,Warm
Sylvisorex lunaris,Insectivore,Warm
Suncus murinus,Insectivore,Warm
Crocidura hildegardae,Insectivore,Warm
Crocidura russula,Insectivore,Warm
Crocidura niobe,Insectivore,Warm
Crocidura jacksoni,Insectivore,Warm
Crocidura occidentalis,Insectivore,Warm
Crocidura giffardi,Insectivore,Warm
Galemys pyrenaicus,Insectivore,Warm
Desmana moschata,Insectivore,Warm
Talpa europaea,Insectivore,Warm
Scalopus aquaticus,Insectivore,Warm
Chrysochloris asiatica,Insectivore,Warm
Chlorotalpa stuhlmanni,Insectivore,Warm
Elephantulus fuscipes,Insectivore,Warm
Rhynchocyon stuhlmanni,Insectivore,Warm
Arctocyon primaevus ,Archaic_mammalian,Warm
Arctocyonides arenae,Archaic_mammalian,Warm
Pleuraspidotherium,Archaic_mammalian,Warm
Phenacodus primaevus ,Archaic_mammalian,Warm
Meniscotherium,Archaic_mammalian,Warm
Hyopsodus miticulus,Archaic_mammalian,Warm
Pantolamba bathmodon,Archaic_mammalian,Warm
Leptolambda schmidti,Archaic_mammalian,Warm
Barylambda,Archaic_mammalian,Warm
Coryphodon hamatus,Archaic_mammalian,Warm
Coryphodon elephantopus,Archaic_mammalian,Warm
Uintatherium anceps,Archaic_mammalian,Warm
Uintatherium anceps,Archaic_mammalian,Warm
Tetheopsis ingens,Archaic_mammalian,Warm
Thinocyon Velox,Archaic_mammalian,Warm
Cynohyaenodon cayluxi,Archaic_mammalian,Warm
Pterodon dasyuroides,Archaic_mammalian,Warm
Hyaenodon horridus,Archaic_mammalian,Warm
Triconodon mordax,Mesozoic_mammals,Warm
Ptilodus montanus,Mesozoic_mammals,Warm
Neurogymnurus cayluxi,Mesozoic_mammals,Warm
Setifer setosus,Mesozoic_mammals,Warm
Echinosorex gymnurus,Mesozoic_mammals,Warm
Didelphis marsupialis,Mesozoic_mammals,Warm
Rattus norvegicus,Mesozoic_mammals,Warm
Abudefduf,Fish,Cold
Abudefduf,Fish,Cold
Acanthurus,Fish,Cold
Adontosternarchus,Fish,Cold
Acentrogobius,Fish,Cold
Amblycirrhitus,Fish,Cold
Anampses,Fish,Cold
Amphiprion,Fish,Cold
Amoya,Fish,Cold
Aphareus,Fish,Cold
Anyperodon,Fish,Cold
Antennablennius,Fish,Cold
Apogon,Fish,Cold
Apogon,Fish,Cold
Aprion,Fish,Cold
Atule,Fish,Cold
Awaous,Fish,Cold
Balistapus,Fish,Cold
Bathygobius,Fish,Cold
Calotomus,Fish,Cold
Carangoides,Fish,Cold
Ctenochaetus,Fish,Cold
Gerres,Fish,Cold
Gobiopsis,Fish,Cold
Halichoeres,Fish,Cold
Katsuwonus,Fish,Cold
Labroides,Fish,Cold
Kyphosus,Fish,Cold
Lethrinus,Fish,Cold
Lethrinus,Fish,Cold
Lethrinus,Fish,Cold
Lophogobius,Fish,Cold
Lutjanus,Fish,Cold
Lutjanus,Fish,Cold
Macolor,Fish,Cold
Malacanthus,Fish,Cold
Macrodontogobius,Fish,Cold
Meiacanthus,Fish,Cold
Megalaspis,Fish,Cold
Naso,Fish,Cold
Naso,Fish,Cold
Nematogobius,Fish,Cold
Neoniphon,Fish,Cold
Neoniphon,Fish,Cold
Oplopomus,Fish,Cold
hyperoplus immaculatus,Fish,Cold
Hyperoplus,Fish,Cold
lepomis gibbosus,Fish,Cold
lepidion eques,Fish,Cold
Lutjanus,Fish,Cold
Lumpenus,Fish,Cold
Lipophrys,Fish,Cold
Merluccius,Fish,Cold
merlangius merlangus,Fish,Cold
Mugil,Fish,Cold
Molva,Fish,Cold
Mola,Fish,Cold
Nerophis,Fish,Cold
Phycis,Fish,Cold
Alosa,Fish,Cold
Alosa,Fish,Cold
Ammodytes,Fish,Cold
Amia,Fish,Cold
Belone,Fish,Cold
Brosme,Fish,Cold
Callionymus,Fish,Cold
Ciliata,Fish,Cold
Cottunculus,Fish,Cold
Gadus,Fish,Cold
Gymnogobius,Fish,Cold
Hyperlophus,Fish,Cold
Hypseleotris,Fish,Cold
Knipowitschia,Fish,Cold
Lepidonotothen,Fish,Cold
Lepidotrigla,Fish,Cold
Lipophrys,Fish,Cold
Liza,Fish,Cold
Macrourus,Fish,Cold
Micromesistius,Fish,Cold
Odontobutis,Fish,Cold
Osmerus,Fish,Cold
Pollachius,Fish,Cold
Pollachius,Fish,Cold
Idiacanthus,Fish,Cold
Latimeria,Fish,Cold
Lampetra,Fish,Cold
Lophius,Fish,Cold
Lophius,Fish,Cold
Myoxocephalus,Fish,Cold
Notacanthus,Fish,Cold
Petromyzon,Fish,Cold
Anarhichas,Fish,Cold
Cyclopterus,Fish,Cold
Leptagonus,Fish,Cold
Myoxocephalus,Fish,Cold
Notothenia,Fish,Cold
Anarhichas,Fish,Cold
Malacosteus,Fish,Cold
Chauliodus,Fish,Cold
Gonostoma,Fish,Cold
Carcharhinus,Fish,Cold
Carcharhinus,Fish,Cold
Centrophorus,Fish,Cold
Blackbelly,Fish,Cold
Ginglymostoma,Fish,Cold
Galeocerdo,Fish,Cold
Heterodontus,Fish,Cold
Prionace,Fish,Cold
Squaliolus,Fish,Cold
Rhizoprionodon,Fish,Cold
Pyhllodactylus gerrophygus,Reptilian,Cold
Hemidactylus mabouia,Reptilian,Cold
Phelsuma cepediana,Reptilian,Cold
Tarentola mauritanica,Reptilian,Cold
Gekko gecko,Reptilian,Cold
Chalcides mionecton,Reptilian,Cold
Chalcides polylepis,Reptilian,Cold
Chalcides chalcides,Reptilian,Cold
Chalcides ocellatus,Reptilian,Cold
Scincus scincus,Reptilian,Cold
Eumeces schneideri,Reptilian,Cold
Psammodromus hispanicus,Reptilian,Cold
Zootoca vivipara,Reptilian,Cold
Lacerta muralis,Reptilian,Cold
Psammodromus algirus,Reptilian,Cold
Lacerta viridis,Reptilian,Cold
Lacerta lepida,Reptilian,Cold
Cordylus cordylus,Reptilian,Cold
Zonosaurus quadrilineatus,Reptilian,Cold
Zonosaurus maximus,Reptilian,Cold
Anguis fragilis,Reptilian,Cold
Ophisaurus apodus,Reptilian,Cold
Chalarodon madagascariensis,Reptilian,Cold
Anolis carolinensis,Reptilian,Cold
Anolis auratus,Reptilian,Cold
Liolaemus chiliensis,Reptilian,Cold
Oplurus sebae,Reptilian,Cold
Iguana iguana,Reptilian,Cold
Amblyrhynchus cristatus,Reptilian,Cold
Calotes cristatellus,Reptilian,Cold
Draco volans,Reptilian,Cold
Agama inermis,Reptilian,Cold
Calotes versicolor,Reptilian,Cold
Agama agama,Reptilian,Cold
Acanthosaura armata,Reptilian,Cold
Uromastix acanthinurus,Reptilian,Cold
Chamaeleo lateralis,Reptilian,Cold
Ameiva sp.,Reptilian,Cold
Callopistes trimaculatus,Reptilian,Cold
Tupinambis nigropunctatus,Reptilian,Cold
Varanus griseus,Reptilian,Cold
Heloderma suspectum,Reptilian,Cold
Sphenodon punctatus,Reptilian,Cold
Boa constrictor,Reptilian,Cold
Python molurus,Reptilian,Cold
Natrix natrix,Reptilian,Cold
Thamnophis sirtalis,Reptilian,Cold
Natrix maura,Reptilian,Cold
Coronella girondica,Reptilian,Cold
Elaphe longissima,Reptilian,Cold
Coluber viridiflavus,Reptilian,Cold
Coluber  constrictor,Reptilian,Cold
Zamenis viridus flavus,Reptilian,Cold
Naja melanoleuca,Reptilian,Cold
Vipera aspis,Reptilian,Cold
Cerastes vipera,Reptilian,Cold
Vipera berus,Reptilian,Cold
Agkistrodon piscivorous,Reptilian,Cold
Trogonophis wiegmanni,Reptilian,Cold
Chelydra serpentina,Reptilian,Cold
Macroclemys temminckii,Reptilian,Cold
Emys orbicularis,Reptilian,Cold
Pseudemys scripta,Reptilian,Cold
Clemmys guttata,Reptilian,Cold
Testudo graeca,Reptilian,Cold
Testudo hermanni,Reptilian,Cold
Chelonia mydas,Reptilian,Cold
Caretta caretta,Reptilian,Cold
Trionyx ferox,Reptilian,Cold
Alligator mississippiensis,Reptilian,Cold
Crocodylus acutus,Reptilian,Cold
salamandra terrestris,Amphibian,Cold
Salamandra atra,Amphibian,Cold
Triturus alpestris,Amphibian,Cold
Onychodactylus japonicus,Amphibian,Cold
Hydromantes italicus,Amphibian,Cold
Batrachoseps attenuatus,Amphibian,Cold
Hyla versicolor,Amphibian,Cold
Pseudacris triseriata,Amphibian,Cold
Acris crepitans,Amphibian,Cold
Agalychnis annae,Amphibian,Cold
Agalychnis callidryas,Amphibian,Cold
Phyllomeduda bicolor,Amphibian,Cold
Phyllomeduda sauvagii,Amphibian,Cold
Hyla arborea,Amphibian,Cold
Hyla cinerea,Amphibian,Cold
Hyla lineomaculata,Amphibian,Cold
Hyla meridionalis,Amphibian,Cold
Hyla pseudopuma,Amphibian,Cold
Hyla raniceps,Amphibian,Cold
Hyla rubra,Amphibian,Cold
Hyla arborea savignyi,Amphibian,Cold
Hyla uranochroa,Amphibian,Cold
Phrynohyas venulosa,Amphibian,Cold
Smilisca phaeota,Amphibian,Cold
Smilisca sordida,Amphibian,Cold
Platymantis vitiensis,Amphibian,Cold
Rana sylvatica,Amphibian,Cold
Rana pipiens,Amphibian,Cold
Rana clamitans,Amphibian,Cold
Rana catesbeiana,Amphibian,Cold
Rana esculenta,Amphibian,Cold
Rana mascareniensis,Amphibian,Cold
Rana palmipes,Amphibian,Cold
Rana ridibunda,Amphibian,Cold
Rana temporaria,Amphibian,Cold
Phrynobatrachus calcaratus,Amphibian,Cold
Chiromantis xerampelina,Amphibian,Cold
Xenopis laevis,Amphibian,Cold
Rhinophrynus dorsalis,Amphibian,Cold
Hemisus guineensis,Amphibian,Cold
Alytes cisternasii,Amphibian,Cold
Alytes obstetricans,Amphibian,Cold
Bombina orientalis,Amphibian,Cold
Bombina variegata,Amphibian,Cold
Discoglossus pictus,Amphibian,Cold
Pelobates cultripes,Amphibian,Cold
Pelobates syriacus,Amphibian,Cold
Pelodytes punctatus,Amphibian,Cold
Adelotus brevis ,Amphibian,Cold
Mixophyes fasciolatus,Amphibian,Cold
Uperoleia marmorata,Amphibian,Cold
Leptodactylus occelatus,Amphibian,Cold
Leptodactylus pentadactylus,Amphibian,Cold
Leptodactylus wagneri,Amphibian,Cold
Dendrobates histrionicus,Amphibian,Cold
Dendrobates pumilio,Amphibian,Cold
Dendrobates speciosus,Amphibian,Cold
Phyllobates lugubris,Amphibian,Cold
Atelopus chiriquiensis,Amphibian,Cold
Atelopus flavescens,Amphibian,Cold
Atelopus varius,Amphibian,Cold
Bufo bufo,Amphibian,Cold
Bufo calamita,Amphibian,Cold
Bufo marinus,Amphibian,Cold
Bufo regularis Afrique,Amphibian,Cold
Bufo regularis Reunion,Amphibian,Cold
Bufo spinulosus,Amphibian,Cold
Bufo typhonius,Amphibian,Cold
Bufo viridis arabicus,Amphibian,Cold
Bufo woodhousei,Amphibian,Cold
Nectophrynoides occidentalis,Amphibian,Cold
Pseudis paradoxus,Amphibian,Cold
Centrolenella fleischmanni,Amphibian,Cold
Litoria bicolor,Amphibian,Cold
Litoria caerulea,Amphibian,Cold
Litoria lesuerii,Amphibian,Cold
Litoria peronii,Amphibian,Cold
Pseudohemisus pustulosus,Amphibian,Cold
Breviceps gibbosus,Amphibian,Cold
Phrynomerus bifasciatus,Amphibian,Cold
Arthroleptis nimbaensis,Amphibian,Cold
Afrixalus dorsalis,Amphibian,Cold
Afrixalus fulvovittatus,Amphibian,Cold
Hyperolius concolor,Amphibian,Cold
Kassina senegalensis,Amphibian,Cold
Kassina wealii,Amphibian,Cold